temporada_saison_id,temporada,tm_id,numero,nome,posicao,nacionalidade,nacionalidade_2,idade_na_temporada,clube_atual,valor_mercado,fonte
2021,2021/22,107318,1,Roberto Fernández,,Paraguai,,32,Club Cerro Porteño,€ 1.50 mi.,pagina de elenco salva do navegador — elenco_2022.html
2021,2021/22,352041,-,Lucas Perri,,Brasil,Itália,23,Leeds United FC,€ 250 mil,pagina de elenco salva do navegador — elenco_2022.html
2021,2021/22,503218,12,Diego Loureiro,,Brasil,,22,Boavista SC,€ 50 mil,pagina de elenco salva do navegador — elenco_2022.html
2021,2021/22,698750,52,Igo Gabriel,,Brasil,,19,Figueirense FC,€ 50 mil,pagina de elenco salva do navegador — elenco_2022.html
2021,2021/22,101667,22,Douglas Borges,,Brasil,Itália,30,Apotheos FC,-,pagina de elenco salva do navegador — elenco_2022.html
2021,2021/22,104326,15,Victor Cuesta,,Argentina,Brasil,32,Club Atlético Platense,€ 4.00 mi.,pagina de elenco salva do navegador — elenco_2022.html
2021,2021/22,373433,-,Adryelson,,Brasil,,22,Al-Wasl SC,€ 1.00 mi.,pagina de elenco salva do navegador — elenco_2022.html
2021,2021/22,524446,4,Kanu,,Brasil,,23,EC Bahia,€ 800 mil,pagina de elenco salva do navegador — elenco_2022.html
2021,2021/22,87323,3,Joel Carli,,Argentina,,34,Fim de carreira,€ 675 mil,pagina de elenco salva do navegador — elenco_2022.html
2021,2021/22,336697,94,Philipe Sampaio,,Brasil,,26,Athletic Club,€ 600 mil,pagina de elenco salva do navegador — elenco_2022.html
2021,2021/22,484599,44,William Klaus,,Brasil,,26,Operário FEC,€ 500 mil,pagina de elenco salva do navegador — elenco_2022.html
2021,2021/22,876675,-,Ewerton,,Brasil,,19,EC União Suzano,-,pagina de elenco salva do navegador — elenco_2022.html
2021,2021/22,990532,33,Reydson,,Brasil,,18,São Cristóvão FR,-,pagina de elenco salva do navegador — elenco_2022.html
2021,2021/22,996691,38,Kawan,,Brasil,,17,EC XV de Piracicaba,-,pagina de elenco salva do navegador — elenco_2022.html
2021,2021/22,868357,40,Lucas Mezenga,,Brasil,,19,Al-Orooba FC,-,pagina de elenco salva do navegador — elenco_2022.html
2021,2021/22,137745,-,Marçal,Esq.,Brasil,,31,Botafogo FR,€ 2.40 mi.,pagina de elenco salva do navegador — elenco_2022.html
2021,2021/22,579346,-,Jonathan Vieira,Esq.,Brasil,,22,Sem clube,€ 700 mil,pagina de elenco salva do navegador — elenco_2022.html
2021,2021/22,55243,30,Carlinhos,Esq.,Brasil,,34,Fim de carreira,€ 500 mil,pagina de elenco salva do navegador — elenco_2022.html
2021,2021/22,351546,19,Niko Hämäläinen,Esq.,Finlândia,Estados Unidos,23,New Mexico United,€ 300 mil,pagina de elenco salva do navegador — elenco_2022.html
2021,2021/22,973499,-,Douglas Teixeira,Esq.,Brasil,,19,Avaí FC,-,pagina de elenco salva do navegador — elenco_2022.html
2021,2021/22,740157,16,Hugo,Esq.,Brasil,Emirados Árabes Unidos,19,Al-Wasl SC,-,pagina de elenco salva do navegador — elenco_2022.html
2021,2021/22,61892,7,Rafael,Dir.,Brasil,Portugal,30,Fim de carreira,€ 4.40 mi.,pagina de elenco salva do navegador — elenco_2022.html
2021,2021/22,268642,2,Renzo Saravia,Dir.,Argentina,,27,Sem clube,€ 3.20 mi.,pagina de elenco salva do navegador — elenco_2022.html
2021,2021/22,276877,20,Daniel Borges,Dir.,Brasil,,27,Mirassol FC,€ 475 mil,pagina de elenco salva do navegador — elenco_2022.html
2021,2021/22,815670,48,Vitor Marinho,Dir.,Brasil,,19,Brasiliense FC,-,pagina de elenco salva do navegador — elenco_2022.html
2021,2021/22,167291,-,Gabriel Pires,,Brasil,Portugal,27,Mirassol FC,€ 12.00 mi.,pagina de elenco salva do navegador — elenco_2022.html
2021,2021/22,737821,8,Patrick de Paula,,Brasil,,21,Sem clube,€ 9.00 mi.,pagina de elenco salva do navegador — elenco_2022.html
2021,2021/22,273438,-,Danilo Barbosa,,Brasil,,24,Al-Ula FC,€ 6.50 mi.,pagina de elenco salva do navegador — elenco_2022.html
2021,2021/22,348262,5,Gustavo Barreto,,Brasil,Itália,25,Sem clube,€ 700 mil,pagina de elenco salva do navegador — elenco_2022.html
2021,2021/22,697400,35,Breno,,Brasil,,20,Figueirense FC,€ 650 mil,pagina de elenco salva do navegador — elenco_2022.html
2021,2021/22,210548,-,Fabinho,,Brasil,,34,Santa Cruz FC,€ 550 mil,pagina de elenco salva do navegador — elenco_2022.html
2021,2021/22,555277,55,Luís Oyama,,Brasil,Japão,23,Grêmio Novorizontino,-,pagina de elenco salva do navegador — elenco_2022.html
2021,2021/22,813037,62,Kayque,,Brasil,,20,Sem clube,-,pagina de elenco salva do navegador — elenco_2022.html
2021,2021/22,364261,6,Tchê Tchê,Central,Brasil,,28,CR Vasco da Gama,€ 4.50 mi.,pagina de elenco salva do navegador — elenco_2022.html
2021,2021/22,742023,23,Romildo Del Piage,Central,Brasil,Itália,20,Avaí FC,€ 25 mil,pagina de elenco salva do navegador — elenco_2022.html
2021,2021/22,691316,-,Luis Henrique,,Brasil,,19,Inter de Milão,€ 8.00 mi.,pagina de elenco salva do navegador — elenco_2022.html
2021,2021/22,992533,-,Jefinho,,Brasil,,18,Sem clube,-,pagina de elenco salva do navegador — elenco_2022.html
2021,2021/22,110078,-,Eduardo,Ofensivo,Brasil,,31,Mirassol FC,€ 3.00 mi.,pagina de elenco salva do navegador — elenco_2022.html
2021,2021/22,430761,18,Lucas Fernandes,Ofensivo,Brasil,,23,São Bernardo FC,€ 2.00 mi.,pagina de elenco salva do navegador — elenco_2022.html
2021,2021/22,176485,43,Lucas Piazón,Ofensivo,Brasil,Itália,26,Wieczysta Krakow,€ 900 mil,pagina de elenco salva do navegador — elenco_2022.html
2021,2021/22,497494,-,Jacob Montes,Ofensivo,Nicarágua,Estados Unidos,22,RWDM Brussels,€ 75 mil,pagina de elenco salva do navegador — elenco_2022.html
2021,2021/22,766381,14,Chay,Ofensivo,Brasil,,30,Sem clube,-,pagina de elenco salva do navegador — elenco_2022.html
2021,2021/22,978146,75,Raí,Ofensivo,Brasil,,18,EC Juventude,-,pagina de elenco salva do navegador — elenco_2022.html
2021,2021/22,878742,80,Juninho,Ofensivo,Brasil,,19,AA Portuguesa,-,pagina de elenco salva do navegador — elenco_2022.html
2021,2021/22,381724,29,Victor Sá,Esquerda,Brasil,,26,São Paulo FC,€ 3.50 mi.,pagina de elenco salva do navegador — elenco_2022.html
2021,2021/22,372013,-,Luiz Fernando,Esquerda,Brasil,,24,Fortaleza EC,€ 800 mil,pagina de elenco salva do navegador — elenco_2022.html
2021,2021/22,405720,11,Diego Gonçalves,Esquerda,Brasil,,26,Criciúma EC,€ 250 mil,pagina de elenco salva do navegador — elenco_2022.html
2021,2021/22,884072,-,Jeffinho,Esquerda,Brasil,,21,Liaoning Tieren,-,pagina de elenco salva do navegador — elenco_2022.html
2021,2021/22,688881,70,Vinícius Lopes,Direita,Brasil,,21,CD Santa Clara,€ 900 mil,pagina de elenco salva do navegador — elenco_2022.html
2021,2021/22,336158,10,Gustavo Sauer,Direita,Brasil,,27,Wuhan Three Towns,€ 600 mil,pagina de elenco salva do navegador — elenco_2022.html
2021,2021/22,592347,-,Júnior Santos,Direita,Brasil,,26,Botafogo FR,€ 550 mil,pagina de elenco salva do navegador — elenco_2022.html
2021,2021/22,420159,17,Felipe Ferreira,Direita,Brasil,,26,Ypiranga FC,€ 250 mil,pagina de elenco salva do navegador — elenco_2022.html
2021,2021/22,612706,31,Ronald,Direita,Brasil,,23,Santa Cruz FC,€ 50 mil,pagina de elenco salva do navegador — elenco_2022.html
2021,2021/22,842369,-,Jhonnata,Direita,Brasil,,16,Fim de carreira,-,pagina de elenco salva do navegador — elenco_2022.html
2021,2021/22,928096,-,Vitinho,Direita,Brasil,,19,Chungnam Asan,-,pagina de elenco salva do navegador — elenco_2022.html
2021,2021/22,977484,27,Rikelmi,Direita,Brasil,,19,ABC FC,-,pagina de elenco salva do navegador — elenco_2022.html
2021,2021/22,103381,-,Tiquinho Soares,,Brasil,Portugal,29,Sem clube,€ 6.50 mi.,pagina de elenco salva do navegador — elenco_2022.html
2021,2021/22,743594,90,Matheus Nascimento,,Brasil,,16,Grêmio FBPA,€ 750 mil,pagina de elenco salva do navegador — elenco_2022.html
2021,2021/22,880349,-,Daniel Cruz,,Brasil,,19,Paraná Clube,-,pagina de elenco salva do navegador — elenco_2022.html
2021,2021/22,939252,-,João Maranhão,,Brasil,,18,Americano FC,-,pagina de elenco salva do navegador — elenco_2022.html
2021,2021/22,931302,32,Gabriel Conceição,,Brasil,,19,Boavista SC,-,pagina de elenco salva do navegador — elenco_2022.html
2021,2021/22,787238,89,Erison,,Brasil,,21,JEF United Chiba,-,pagina de elenco salva do navegador — elenco_2022.html
2022,2022/23,352041,12,Lucas Perri,,Brasil,Itália,24,Leeds United FC,€ 1.20 mi.,pagina de elenco salva do navegador — elenco_2023.html
2022,2022/23,107318,1,Roberto Fernández,,Paraguai,,33,Club Cerro Porteño,€ 800 mil,pagina de elenco salva do navegador — elenco_2023.html
2022,2022/23,101667,22,Douglas Borges,,Brasil,Itália,31,Apotheos FC,€ 150 mil,pagina de elenco salva do navegador — elenco_2023.html
2022,2022/23,837529,-,Leandro Matheus,,Brasil,,20,Azuriz FC,€ 50 mil,pagina de elenco salva do navegador — elenco_2023.html
2022,2022/23,698750,52,Igo Gabriel,,Brasil,,20,Figueirense FC,€ 50 mil,pagina de elenco salva do navegador — elenco_2023.html
2022,2022/23,432146,31,João Fernando,,Brasil,,20,Boavista SC,-,pagina de elenco salva do navegador — elenco_2023.html
2022,2022/23,104326,15,Victor Cuesta,,Argentina,Brasil,33,Club Atlético Platense,€ 3.00 mi.,pagina de elenco salva do navegador — elenco_2023.html
2022,2022/23,373433,34,Adryelson,,Brasil,,23,Al-Wasl SC,€ 2.50 mi.,pagina de elenco salva do navegador — elenco_2023.html
2022,2022/23,195810,23,Bastos,,Angola,,30,Sem clube,€ 2.00 mi.,pagina de elenco salva do navegador — elenco_2023.html
2022,2022/23,385639,4,Luis Segovia,,Equador,,24,LDU Quito,€ 1.50 mi.,pagina de elenco salva do navegador — elenco_2023.html
2022,2022/23,336697,94,Philipe Sampaio,,Brasil,,27,Athletic Club,€ 600 mil,pagina de elenco salva do navegador — elenco_2023.html
2022,2022/23,87323,3,Joel Carli,,Argentina,,35,Fim de carreira,€ 300 mil,pagina de elenco salva do navegador — elenco_2023.html
2022,2022/23,740159,-,David Sousa,,Brasil,,20,Casa Pia AC,€ 250 mil,pagina de elenco salva do navegador — elenco_2023.html
2022,2022/23,653608,56,Henrique Vermudt,,Brasil,,22,Ceilândia EC,€ 100 mil,pagina de elenco salva do navegador — elenco_2023.html
2022,2022/23,688873,-,Matheus Cabral,,Brasil,,22,EC Jacuipense,-,pagina de elenco salva do navegador — elenco_2023.html
2022,2022/23,868357,40,Lucas Mezenga,,Brasil,,20,Al-Orooba FC,-,pagina de elenco salva do navegador — elenco_2023.html
2022,2022/23,137745,21,Marçal,Esq.,Brasil,,32,Botafogo FR,€ 1.50 mi.,pagina de elenco salva do navegador — elenco_2023.html
2022,2022/23,740157,16,Hugo,Esq.,Brasil,Emirados Árabes Unidos,20,Al-Wasl SC,€ 200 mil,pagina de elenco salva do navegador — elenco_2023.html
2022,2022/23,973499,-,Douglas Teixeira,Esq.,Brasil,,20,Avaí FC,-,pagina de elenco salva do navegador — elenco_2023.html
2022,2022/23,61892,2,Rafael,Dir.,Brasil,Portugal,31,Fim de carreira,€ 1.50 mi.,pagina de elenco salva do navegador — elenco_2023.html
2022,2022/23,322843,24,Leonel Di Plácido,Dir.,Argentina,Itália,27,Club Atlético Tucumán,€ 1.00 mi.,pagina de elenco salva do navegador — elenco_2023.html
2022,2022/23,276877,20,Daniel Borges,Dir.,Brasil,,28,Mirassol FC,€ 475 mil,pagina de elenco salva do navegador — elenco_2023.html
2022,2022/23,682134,-,Wallison,Dir.,Brasil,,20,Avaí FC,€ 300 mil,pagina de elenco salva do navegador — elenco_2023.html
2022,2022/23,856047,-,Mateo Ponte,Dir.,Uruguai,,18,Botafogo FR,€ 150 mil,pagina de elenco salva do navegador — elenco_2023.html
2022,2022/23,815670,-,Vitor Marinho,Dir.,Brasil,,20,Brasiliense FC,-,pagina de elenco salva do navegador — elenco_2023.html
2022,2022/23,964596,-,Ryan,Dir.,Brasil,,18,Nacional FC,-,pagina de elenco salva do navegador — elenco_2023.html
2022,2022/23,982164,57,JP Galvão,Dir.,Brasil,,20,EC Noroeste,-,pagina de elenco salva do navegador — elenco_2023.html
2022,2022/23,126422,-,Allan,,Brasil,Portugal,30,Botafogo FR,€ 18.00 mi.,pagina de elenco salva do navegador — elenco_2023.html
2022,2022/23,737821,8,Patrick de Paula,,Brasil,,22,Sem clube,€ 16.00 mi.,pagina de elenco salva do navegador — elenco_2023.html
2022,2022/23,273438,5,Danilo Barbosa,,Brasil,,25,Al-Ula FC,€ 6.00 mi.,pagina de elenco salva do navegador — elenco_2023.html
2022,2022/23,167291,14,Gabriel Pires,,Brasil,Portugal,28,Mirassol FC,€ 6.00 mi.,pagina de elenco salva do navegador — elenco_2023.html
2022,2022/23,364972,17,Marlon Freitas,,Brasil,,26,SE Palmeiras,€ 1.70 mi.,pagina de elenco salva do navegador — elenco_2023.html
2022,2022/23,697400,35,Breno,,Brasil,,21,Figueirense FC,€ 1.00 mi.,pagina de elenco salva do navegador — elenco_2023.html
2022,2022/23,813037,62,Kayque,,Brasil,,21,Sem clube,€ 300 mil,pagina de elenco salva do navegador — elenco_2023.html
2022,2022/23,740050,-,Wendel Lessa,,Brasil,,19,Treze FC,-,pagina de elenco salva do navegador — elenco_2023.html
2022,2022/23,811219,28,Newton,,Brasil,,21,São Paulo FC,-,pagina de elenco salva do navegador — elenco_2023.html
2022,2022/23,364261,6,Tchê Tchê,Central,Brasil,,29,CR Vasco da Gama,€ 3.50 mi.,pagina de elenco salva do navegador — elenco_2023.html
2022,2022/23,742023,-,Romildo Del Piage,Central,Brasil,Itália,21,Avaí FC,€ 350 mil,pagina de elenco salva do navegador — elenco_2023.html
2022,2022/23,834467,-,Kauê,Central,Brasil,,17,FC Porto B,-,pagina de elenco salva do navegador — elenco_2023.html
2022,2022/23,691316,11,Luis Henrique,,Brasil,,20,Inter de Milão,€ 6.00 mi.,pagina de elenco salva do navegador — elenco_2023.html
2022,2022/23,176485,43,Lucas Piazón,Ofensivo,Brasil,Itália,27,Wieczysta Krakow,€ 3.50 mi.,pagina de elenco salva do navegador — elenco_2023.html
2022,2022/23,110078,33,Eduardo,Ofensivo,Brasil,,32,Mirassol FC,€ 2.30 mi.,pagina de elenco salva do navegador — elenco_2023.html
2022,2022/23,430761,18,Lucas Fernandes,Ofensivo,Brasil,,24,São Bernardo FC,€ 2.00 mi.,pagina de elenco salva do navegador — elenco_2023.html
2022,2022/23,497494,32,Jacob Montes,Ofensivo,Nicarágua,Estados Unidos,23,RWDM Brussels,€ 150 mil,pagina de elenco salva do navegador — elenco_2023.html
2022,2022/23,860325,-,Caio Vitor,Ofensivo,Brasil,,21,Maricá FC,-,pagina de elenco salva do navegador — elenco_2023.html
2022,2022/23,1004724,-,Bernardo Valim,Ofensivo,Brasil,,15,Botafogo FR U20,-,pagina de elenco salva do navegador — elenco_2023.html
2022,2022/23,978146,75,Raí,Ofensivo,Brasil,,19,EC Juventude,-,pagina de elenco salva do navegador — elenco_2023.html
2022,2022/23,576028,-,Thiago Almada,Esquerda,Argentina,Itália,20,Atlético de Madrid,€ 20.00 mi.,pagina de elenco salva do navegador — elenco_2023.html
2022,2022/23,381724,7,Victor Sá,Esquerda,Brasil,,27,São Paulo FC,€ 2.50 mi.,pagina de elenco salva do navegador — elenco_2023.html
2022,2022/23,673830,-,Luis Phelipe,Esquerda,Brasil,,20,FC Sheriff Tiraspol,€ 500 mil,pagina de elenco salva do navegador — elenco_2023.html
2022,2022/23,800732,77,Diego Hernández,Esquerda,Uruguai,,21,Sport Recife,€ 300 mil,pagina de elenco salva do navegador — elenco_2023.html
2022,2022/23,727747,27,Carlos Alberto,Esquerda,Brasil,,19,Kalba FC,€ 250 mil,pagina de elenco salva do navegador — elenco_2023.html
2022,2022/23,336158,10,Gustavo Sauer,Direita,Brasil,,28,Wuhan Three Towns,€ 1.50 mi.,pagina de elenco salva do navegador — elenco_2023.html
2022,2022/23,592347,37,Júnior Santos,Direita,Brasil,,27,Botafogo FR,€ 800 mil,pagina de elenco salva do navegador — elenco_2023.html
2022,2022/23,718307,-,Matías Segovia,Direita,Paraguai,,18,América Mineiro,€ 150 mil,pagina de elenco salva do navegador — elenco_2023.html
2022,2022/23,644884,-,Darius Lewis,Direita,Trinidad e Tobago,Estados Unidos,22,Sem clube,-,pagina de elenco salva do navegador — elenco_2023.html
2022,2022/23,627234,-,Iago André,Direita,Brasil,,19,Botafogo FR U23,-,pagina de elenco salva do navegador — elenco_2023.html
2022,2022/23,1083607,-,Dudu,Direita,Brasil,,19,Akron Togliatti,-,pagina de elenco salva do navegador — elenco_2023.html
2022,2022/23,103381,9,Tiquinho Soares,,Brasil,Portugal,30,Sem clube,€ 6.00 mi.,pagina de elenco salva do navegador — elenco_2023.html
2022,2022/23,44779,19,Diego Costa,,Espanha,Brasil,33,Fim de carreira,€ 5.00 mi.,pagina de elenco salva do navegador — elenco_2023.html
2022,2022/23,743594,90,Matheus Nascimento,,Brasil,,17,Grêmio FBPA,€ 5.00 mi.,pagina de elenco salva do navegador — elenco_2023.html
2022,2022/23,663315,-,Sebastian Joffre,,Bolívia,Estados Unidos,22,Sem clube,-,pagina de elenco salva do navegador — elenco_2023.html
2022,2022/23,992531,-,João Pedro,,Brasil,,22,Uberaba SC,-,pagina de elenco salva do navegador — elenco_2023.html
2022,2022/23,976561,39,Janderson,,Brasil,,22,Göztepe,-,pagina de elenco salva do navegador — elenco_2023.html
2023,2023/24,432914,12,John Victor,,Brasil,Portugal,26,Nottingham Forest,€ 1.00 mi.,pagina de elenco salva do navegador — elenco_2024.html
2023,2023/24,107318,1,Roberto Fernández,,Paraguai,,34,Club Cerro Porteño,€ 700 mil,pagina de elenco salva do navegador — elenco_2024.html
2023,2023/24,698750,52,Igo Gabriel,,Brasil,,21,Figueirense FC,€ 100 mil,pagina de elenco salva do navegador — elenco_2024.html
2023,2023/24,520093,97,Raul,,Brasil,,25,Botafogo FR,€ 100 mil,pagina de elenco salva do navegador — elenco_2024.html
2023,2023/24,1084354,-,Gabriel Toebe,,Brasil,,20,SER Caxias do Sul,-,pagina de elenco salva do navegador — elenco_2024.html
2023,2023/24,1080984,30,Lucas Barreto,,Brasil,,20,Sem clube,-,pagina de elenco salva do navegador — elenco_2024.html
2023,2023/24,149577,23,Pablo,,Brasil,,31,Sem clube,€ 3.50 mi.,pagina de elenco salva do navegador — elenco_2024.html
2023,2023/24,468302,3,Lucas Halter,,Brasil,,22,Houston Dynamo FC,€ 3.00 mi.,pagina de elenco salva do navegador — elenco_2024.html
2023,2023/24,373433,34,Adryelson,,Brasil,,24,Al-Wasl SC,€ 3.00 mi.,pagina de elenco salva do navegador — elenco_2024.html
2023,2023/24,379752,20,Alexander Barboza,,Argentina,Uruguai,27,SE Palmeiras,€ 2.20 mi.,pagina de elenco salva do navegador — elenco_2024.html
2023,2023/24,195810,15,Bastos,,Angola,,31,Sem clube,€ 1.50 mi.,pagina de elenco salva do navegador — elenco_2024.html
2023,2023/24,385639,44,Luis Segovia,,Equador,,25,LDU Quito,€ 1.50 mi.,pagina de elenco salva do navegador — elenco_2024.html
2023,2023/24,996691,54,Kawan,,Brasil,,19,EC XV de Piracicaba,€ 100 mil,pagina de elenco salva do navegador — elenco_2024.html
2023,2023/24,1012161,38,Jefferson,,Brasil,,19,Avaí FC,-,pagina de elenco salva do navegador — elenco_2024.html
2023,2023/24,834445,63,Serafim,,Brasil,,18,Al-Dhafra FC,-,pagina de elenco salva do navegador — elenco_2024.html
2023,2023/24,255755,13,Alex Telles,Esq.,Brasil,Itália,30,Botafogo FR,€ 14.00 mi.,pagina de elenco salva do navegador — elenco_2024.html
2023,2023/24,740157,16,Hugo,Esq.,Brasil,Emirados Árabes Unidos,21,Al-Wasl SC,€ 1.50 mi.,pagina de elenco salva do navegador — elenco_2024.html
2023,2023/24,137745,21,Marçal,Esq.,Brasil,,33,Botafogo FR,€ 1.20 mi.,pagina de elenco salva do navegador — elenco_2024.html
2023,2023/24,891353,66,Cuiabano,Esq.,Brasil,,19,CR Vasco da Gama,-,pagina de elenco salva do navegador — elenco_2024.html
2023,2023/24,1093551,76,Devid,Esq.,Brasil,,17,GD São-Carlense,-,pagina de elenco salva do navegador — elenco_2024.html
2023,2023/24,468249,22,Vitinho,Dir.,Brasil,,23,Botafogo FR,€ 2.00 mi.,pagina de elenco salva do navegador — elenco_2024.html
2023,2023/24,76746,22,Damián Suárez,Dir.,Uruguai,Espanha,34,CA Cerro,€ 1.50 mi.,pagina de elenco salva do navegador — elenco_2024.html
2023,2023/24,61892,2,Rafael,Dir.,Brasil,Portugal,32,Fim de carreira,€ 1.00 mi.,pagina de elenco salva do navegador — elenco_2024.html
2023,2023/24,856047,4,Mateo Ponte,Dir.,Uruguai,,19,Botafogo FR,€ 150 mil,pagina de elenco salva do navegador — elenco_2024.html
2023,2023/24,815670,-,Vitor Marinho,Dir.,Brasil,,21,Brasiliense FC,-,pagina de elenco salva do navegador — elenco_2024.html
2023,2023/24,1005580,72,Luis Octávio,Dir.,Brasil,,16,FC Cascavel U20,-,pagina de elenco salva do navegador — elenco_2024.html
2023,2023/24,126422,28,Allan,,Brasil,Portugal,31,Botafogo FR,€ 8.00 mi.,pagina de elenco salva do navegador — elenco_2024.html
2023,2023/24,737821,8,Patrick de Paula,,Brasil,,23,Sem clube,€ 7.00 mi.,pagina de elenco salva do navegador — elenco_2024.html
2023,2023/24,273438,5,Danilo Barbosa,,Brasil,,26,Al-Ula FC,€ 2.50 mi.,pagina de elenco salva do navegador — elenco_2024.html
2023,2023/24,364972,17,Marlon Freitas,,Brasil,,27,SE Palmeiras,€ 2.50 mi.,pagina de elenco salva do navegador — elenco_2024.html
2023,2023/24,546036,26,Gregore,,Brasil,,28,Al-Rayyan SC,€ 2.50 mi.,pagina de elenco salva do navegador — elenco_2024.html
2023,2023/24,813037,62,Kayque,,Brasil,,22,Sem clube,€ 1.50 mi.,pagina de elenco salva do navegador — elenco_2024.html
2023,2023/24,697400,14,Breno,,Brasil,,22,Figueirense FC,€ 1.00 mi.,pagina de elenco salva do navegador — elenco_2024.html
2023,2023/24,811219,28,Newton,,Brasil,,22,São Paulo FC,-,pagina de elenco salva do navegador — elenco_2024.html
2023,2023/24,1093845,48,Rhuan Lucas,,Brasil,,18,Bangu AC,-,pagina de elenco salva do navegador — elenco_2024.html
2023,2023/24,364261,6,Tchê Tchê,Central,Brasil,,30,CR Vasco da Gama,€ 1.80 mi.,pagina de elenco salva do navegador — elenco_2024.html
2023,2023/24,834467,25,Kauê,Central,Brasil,,18,FC Porto B,-,pagina de elenco salva do navegador — elenco_2024.html
2023,2023/24,309193,10,Jefferson Savarino,Ofensivo,Venezuela,Itália,26,Fluminense FC,€ 5.00 mi.,pagina de elenco salva do navegador — elenco_2024.html
2023,2023/24,217886,70,Óscar Romero,Ofensivo,Paraguai,,30,CA Huracán,€ 3.50 mi.,pagina de elenco salva do navegador — elenco_2024.html
2023,2023/24,110078,33,Eduardo,Ofensivo,Brasil,,33,Mirassol FC,€ 1.50 mi.,pagina de elenco salva do navegador — elenco_2024.html
2023,2023/24,497494,32,Jacob Montes,Ofensivo,Nicarágua,Estados Unidos,24,RWDM Brussels,€ 150 mil,pagina de elenco salva do navegador — elenco_2024.html
2023,2023/24,978146,75,Raí,Ofensivo,Brasil,,20,EC Juventude,-,pagina de elenco salva do navegador — elenco_2024.html
2023,2023/24,576028,23,Thiago Almada,Esquerda,Argentina,Itália,21,Atlético de Madrid,€ 15.00 mi.,pagina de elenco salva do navegador — elenco_2024.html
2023,2023/24,668228,37,Matheus Martins,Esquerda,Brasil,,19,Botafogo FR,€ 7.00 mi.,pagina de elenco salva do navegador — elenco_2024.html
2023,2023/24,381724,7,Victor Sá,Esquerda,Brasil,,28,São Paulo FC,€ 2.50 mi.,pagina de elenco salva do navegador — elenco_2024.html
2023,2023/24,884072,47,Jeffinho,Esquerda,Brasil,,23,Liaoning Tieren,€ 1.50 mi.,pagina de elenco salva do navegador — elenco_2024.html
2023,2023/24,800732,77,Diego Hernández,Esquerda,Uruguai,,22,Sport Recife,€ 575 mil,pagina de elenco salva do navegador — elenco_2024.html
2023,2023/24,727747,27,Carlos Alberto,Esquerda,Brasil,,20,Kalba FC,€ 250 mil,pagina de elenco salva do navegador — elenco_2024.html
2023,2023/24,868885,18,Emerson Urso,Esquerda,Brasil,,21,Vila Nova FC,-,pagina de elenco salva do navegador — elenco_2024.html
2023,2023/24,1093843,79,Fabiano,Esquerda,Brasil,,16,SE Palmeiras U20,-,pagina de elenco salva do navegador — elenco_2024.html
2023,2023/24,800175,7,Luiz Henrique,Direita,Brasil,,21,Zenit São Petersburgo,€ 15.00 mi.,pagina de elenco salva do navegador — elenco_2024.html
2023,2023/24,718307,19,Matías Segovia,Direita,Paraguai,,19,América Mineiro,€ 1.00 mi.,pagina de elenco salva do navegador — elenco_2024.html
2023,2023/24,592347,11,Júnior Santos,Direita,Brasil,,28,Botafogo FR,€ 600 mil,pagina de elenco salva do navegador — elenco_2024.html
2023,2023/24,1086371,49,Sapata,Direita,Brasil,,19,FC Sheriff Tiraspol,-,pagina de elenco salva do navegador — elenco_2024.html
2023,2023/24,1241278,67,Yarlen,Direita,Brasil,,16,Athletic Club,-,pagina de elenco salva do navegador — elenco_2024.html
2023,2023/24,743594,90,Matheus Nascimento,,Brasil,,18,Grêmio FBPA,€ 7.00 mi.,pagina de elenco salva do navegador — elenco_2024.html
2023,2023/24,103381,9,Tiquinho Soares,,Brasil,Portugal,31,Sem clube,€ 4.00 mi.,pagina de elenco salva do navegador — elenco_2024.html
2023,2023/24,432164,99,Igor Jesus,,Brasil,Emirados Árabes Unidos,21,Nottingham Forest,€ 2.00 mi.,pagina de elenco salva do navegador — elenco_2024.html
2023,2023/24,976561,39,Janderson,,Brasil,,23,Göztepe,-,pagina de elenco salva do navegador — elenco_2024.html
2024,2024/25,111819,22,Neto,,Brasil,Itália,34,Sem clube,€ 2.50 mi.,pagina de elenco salva do navegador — elenco_2025.html
2024,2024/25,742034,24,Léo Linck,,Brasil,,22,CF Estrela Amadora,€ 1.00 mi.,pagina de elenco salva do navegador — elenco_2025.html
2024,2024/25,432914,12,John Victor,,Brasil,Portugal,27,Nottingham Forest,€ 800 mil,pagina de elenco salva do navegador — elenco_2025.html
2024,2024/25,1074501,40,Cristhian Loor,,Equador,,17,Botafogo FR,€ 500 mil,pagina de elenco salva do navegador — elenco_2025.html
2024,2024/25,107318,-,Roberto Fernández,,Paraguai,,35,Club Cerro Porteño,€ 350 mil,pagina de elenco salva do navegador — elenco_2025.html
2024,2024/25,1116620,-,Rhyan,,Brasil,,17,Botafogo FR U20,-,pagina de elenco salva do navegador — elenco_2025.html
2024,2024/25,520093,1,Raul,,Brasil,,26,Botafogo FR,-,pagina de elenco salva do navegador — elenco_2025.html
2024,2024/25,1219240,-,Cristiano Junior,,Brasil,,18,Operário FC,-,pagina de elenco salva do navegador — elenco_2025.html
2024,2024/25,1416506,-,Cléber Lucas,,Brasil,,16,Botafogo FR U20,-,pagina de elenco salva do navegador — elenco_2025.html
2024,2024/25,373433,-,Adryelson,,Brasil,,25,Al-Wasl SC,€ 8.00 mi.,pagina de elenco salva do navegador — elenco_2025.html
2024,2024/25,468302,-,Lucas Halter,,Brasil,,23,Houston Dynamo FC,€ 3.00 mi.,pagina de elenco salva do navegador — elenco_2025.html
2024,2024/25,379752,20,Alexander Barboza,,Argentina,Uruguai,28,SE Palmeiras,€ 2.50 mi.,pagina de elenco salva do navegador — elenco_2025.html
2024,2024/25,523363,31,Kaio,,Brasil,,28,Botafogo FR,€ 1.80 mi.,pagina de elenco salva do navegador — elenco_2025.html
2024,2024/25,195810,15,Bastos,,Angola,,32,Sem clube,€ 1.00 mi.,pagina de elenco salva do navegador — elenco_2025.html
2024,2024/25,336697,-,Philipe Sampaio,,Brasil,,29,Athletic Club,€ 600 mil,pagina de elenco salva do navegador — elenco_2025.html
2024,2024/25,985172,57,David Ricardo,,Brasil,,21,Dínamo Moscou,€ 250 mil,pagina de elenco salva do navegador — elenco_2025.html
2024,2024/25,984096,32,Jair Cunha,,Brasil,,18,Nottingham Forest,€ 200 mil,pagina de elenco salva do navegador — elenco_2025.html
2024,2024/25,996691,-,Kawan,,Brasil,,20,EC XV de Piracicaba,€ 100 mil,pagina de elenco salva do navegador — elenco_2025.html
2024,2024/25,834445,-,Serafim,,Brasil,,19,Al-Dhafra FC,-,pagina de elenco salva do navegador — elenco_2025.html
2024,2024/25,1027027,-,Ryan Couto,,Brasil,,18,América FC,-,pagina de elenco salva do navegador — elenco_2025.html
2024,2024/25,1127043,-,Gabriel Justino,,Brasil,,17,Botafogo FR,-,pagina de elenco salva do navegador — elenco_2025.html
2024,2024/25,1222581,-,Kauã Branco,,Brasil,,17,Botafogo FR U20,-,pagina de elenco salva do navegador — elenco_2025.html
2024,2024/25,1128780,26,Gabriel Bahia,,Brasil,,25,Grêmio Novorizontino,-,pagina de elenco salva do navegador — elenco_2025.html
2024,2024/25,255755,13,Alex Telles,Esq.,Brasil,Itália,31,Botafogo FR,€ 7.00 mi.,pagina de elenco salva do navegador — elenco_2025.html
2024,2024/25,891353,66,Cuiabano,Esq.,Brasil,,20,CR Vasco da Gama,€ 1.50 mi.,pagina de elenco salva do navegador — elenco_2025.html
2024,2024/25,137745,21,Marçal,Esq.,Brasil,,34,Botafogo FR,€ 900 mil,pagina de elenco salva do navegador — elenco_2025.html
2024,2024/25,1253931,-,Lucyo,Esq.,Brasil,,17,Botafogo FR U20,-,pagina de elenco salva do navegador — elenco_2025.html
2024,2024/25,1263464,-,Kaique Pereira,Esq.,Brasil,,16,Londrina EC U20,-,pagina de elenco salva do navegador — elenco_2025.html
2024,2024/25,1363516,-,Gabriel Abdias,Esq.,Brasil,,17,Botafogo FR U20,-,pagina de elenco salva do navegador — elenco_2025.html
2024,2024/25,468249,2,Vitinho,Dir.,Brasil,,24,Botafogo FR,€ 5.00 mi.,pagina de elenco salva do navegador — elenco_2025.html
2024,2024/25,856047,4,Mateo Ponte,Dir.,Uruguai,,20,Botafogo FR,€ 1.00 mi.,pagina de elenco salva do navegador — elenco_2025.html
2024,2024/25,1124214,-,Kauê Leonardo,Dir.,Brasil,,18,Londrina EC,-,pagina de elenco salva do navegador — elenco_2025.html
2024,2024/25,126422,25,Allan,,Brasil,Portugal,32,Botafogo FR,€ 5.50 mi.,pagina de elenco salva do navegador — elenco_2025.html
2024,2024/25,364972,17,Marlon Freitas,,Brasil,,28,SE Palmeiras,€ 3.50 mi.,pagina de elenco salva do navegador — elenco_2025.html
2024,2024/25,737821,-,Patrick de Paula,,Brasil,,24,Sem clube,€ 3.00 mi.,pagina de elenco salva do navegador — elenco_2025.html
2024,2024/25,546036,26,Gregore,,Brasil,,29,Al-Rayyan SC,€ 2.50 mi.,pagina de elenco salva do navegador — elenco_2025.html
2024,2024/25,273438,5,Danilo Barbosa,,Brasil,,27,Al-Ula FC,€ 2.00 mi.,pagina de elenco salva do navegador — elenco_2025.html
2024,2024/25,1004726,-,Lucas Camilo,,Brasil,,17,Puebla FC,-,pagina de elenco salva do navegador — elenco_2025.html
2024,2024/25,1093845,-,Rhuan Lucas,,Brasil,,19,Bangu AC,-,pagina de elenco salva do navegador — elenco_2025.html
2024,2024/25,1284052,-,Marquinhos,,Brasil,Portugal,16,Botafogo FR U20,-,pagina de elenco salva do navegador — elenco_2025.html
2024,2024/25,1364573,-,Huguinho,,Brasil,,16,Botafogo FR,-,pagina de elenco salva do navegador — elenco_2025.html
2024,2024/25,811219,28,Newton,,Brasil,,23,São Paulo FC,-,pagina de elenco salva do navegador — elenco_2025.html
2024,2024/25,808509,35,Danilo,Central,Brasil,,22,Botafogo FR,€ 28.00 mi.,pagina de elenco salva do navegador — elenco_2025.html
2024,2024/25,364261,-,Tchê Tchê,Central,Brasil,,31,CR Vasco da Gama,€ 1.80 mi.,pagina de elenco salva do navegador — elenco_2025.html
2024,2024/25,834467,-,Kauê,Central,Brasil,,19,FC Porto B,-,pagina de elenco salva do navegador — elenco_2025.html
2024,2024/25,309193,10,Jefferson Savarino,Ofensivo,Venezuela,Itália,27,Fluminense FC,€ 4.00 mi.,pagina de elenco salva do navegador — elenco_2025.html
2024,2024/25,465819,23,Santiago Rodríguez,Ofensivo,Uruguai,,23,Botafogo FR,€ 4.00 mi.,pagina de elenco salva do navegador — elenco_2025.html
2024,2024/25,217886,-,Óscar Romero,Ofensivo,Paraguai,,31,CA Huracán,€ 2.00 mi.,pagina de elenco salva do navegador — elenco_2025.html
2024,2024/25,110078,-,Eduardo,Ofensivo,Brasil,,34,Mirassol FC,€ 1.50 mi.,pagina de elenco salva do navegador — elenco_2025.html
2024,2024/25,1087334,14,Jordan Barrera,Ofensivo,Colômbia,,17,Botafogo FR,€ 150 mil,pagina de elenco salva do navegador — elenco_2025.html
2024,2024/25,1004724,-,Bernardo Valim,Ofensivo,Brasil,,17,Botafogo FR U20,-,pagina de elenco salva do navegador — elenco_2025.html
2024,2024/25,1222625,-,Kauan Lindes,Ofensivo,Brasil,,20,Athletic Club,-,pagina de elenco salva do navegador — elenco_2025.html
2024,2024/25,1284051,-,Cauã Zappelini,Ofensivo,Brasil,,16,Botafogo FR U20,-,pagina de elenco salva do navegador — elenco_2025.html
2024,2024/25,1360833,-,Caio Valle,Ofensivo,Brasil,,16,Botafogo FR U20,-,pagina de elenco salva do navegador — elenco_2025.html
2024,2024/25,576028,-,Thiago Almada,Esquerda,Argentina,Itália,22,Atlético de Madrid,€ 27.00 mi.,pagina de elenco salva do navegador — elenco_2025.html
2024,2024/25,668228,11,Matheus Martins,Esquerda,Brasil,,20,Botafogo FR,€ 7.00 mi.,pagina de elenco salva do navegador — elenco_2025.html
2024,2024/25,884072,47,Jeffinho,Esquerda,Brasil,,24,Liaoning Tieren,€ 5.00 mi.,pagina de elenco salva do navegador — elenco_2025.html
2024,2024/25,800732,-,Diego Hernández,Esquerda,Uruguai,,23,Sport Recife,€ 2.00 mi.,pagina de elenco salva do navegador — elenco_2025.html
2024,2024/25,727747,-,Carlos Alberto,Esquerda,Brasil,,21,Kalba FC,€ 1.30 mi.,pagina de elenco salva do navegador — elenco_2025.html
2024,2024/25,525257,-,Gabriel Justino,Esquerda,Brasil,,25,Uberaba SC,-,pagina de elenco salva do navegador — elenco_2025.html
2024,2024/25,1228194,8,Álvaro Montoro,Esquerda,Argentina,Itália,16,Botafogo FR,-,pagina de elenco salva do navegador — elenco_2025.html
2024,2024/25,800175,-,Luiz Henrique,Direita,Brasil,,22,Zenit São Petersburgo,€ 12.00 mi.,pagina de elenco salva do navegador — elenco_2025.html
2024,2024/25,440658,7,Artur,Direita,Brasil,,25,São Paulo FC,€ 10.00 mi.,pagina de elenco salva do navegador — elenco_2025.html
2024,2024/25,1083600,16,Nathan Fernandes,Direita,Brasil,,18,Ludogorets Razgrad,€ 3.50 mi.,pagina de elenco salva do navegador — elenco_2025.html
2024,2024/25,592347,-,Júnior Santos,Direita,Brasil,,29,Botafogo FR,€ 1.40 mi.,pagina de elenco salva do navegador — elenco_2025.html
2024,2024/25,928096,-,Vitinho,Direita,Brasil,,22,Chungnam Asan,-,pagina de elenco salva do navegador — elenco_2025.html
2024,2024/25,1096605,-,Kauan Toledo,Direita,Brasil,,17,Botafogo FR U20,-,pagina de elenco salva do navegador — elenco_2025.html
2024,2024/25,1097263,-,Rafael Lobato,Direita,Brasil,,17,Rio Ave FC,-,pagina de elenco salva do navegador — elenco_2025.html
2024,2024/25,1241278,-,Yarlen,Direita,Brasil,,17,Athletic Club,-,pagina de elenco salva do navegador — elenco_2025.html
2024,2024/25,227081,30,Joaquín Correa,Seg.,Argentina,Itália,29,Botafogo FR,€ 10.00 mi.,pagina de elenco salva do navegador — elenco_2025.html
2024,2024/25,390638,98,Arthur Cabral,,Brasil,,25,Botafogo FR,€ 16.00 mi.,pagina de elenco salva do navegador — elenco_2025.html
2024,2024/25,743594,-,Matheus Nascimento,,Brasil,,19,Grêmio FBPA,€ 9.00 mi.,pagina de elenco salva do navegador — elenco_2025.html
2024,2024/25,103381,-,Tiquinho Soares,,Brasil,Portugal,32,Sem clube,€ 4.00 mi.,pagina de elenco salva do navegador — elenco_2025.html
2024,2024/25,538810,9,Chris Ramos,,Espanha,Estados Unidos,26,Real Oviedo,€ 3.00 mi.,pagina de elenco salva do navegador — elenco_2025.html
2024,2024/25,973569,9,Rwan Cruz,,Brasil,Bulgária,22,Ludogorets Razgrad,€ 2.00 mi.,pagina de elenco salva do navegador — elenco_2025.html
2024,2024/25,432164,99,Igor Jesus,,Brasil,Emirados Árabes Unidos,22,Nottingham Forest,€ 2.00 mi.,pagina de elenco salva do navegador — elenco_2025.html
2024,2024/25,813044,-,Elias Manoel,,Brasil,,22,Botafogo FR,€ 1.50 mi.,pagina de elenco salva do navegador — elenco_2025.html
2024,2024/25,195882,39,Gonzalo Mastriani,,Uruguai,Itália,30,América Mineiro,€ 1.50 mi.,pagina de elenco salva do navegador — elenco_2025.html
2024,2024/25,982526,-,Valentín Adamo,,Uruguai,,21,Deportivo Táchira,€ 500 mil,pagina de elenco salva do navegador — elenco_2025.html
2024,2024/25,1025717,-,Weliton,,Brasil,,18,EC Juventude U20,-,pagina de elenco salva do navegador — elenco_2025.html
2024,2024/25,1219248,-,Kayke Queiroz,,Brasil,,17,Kawasaki Frontale,-,pagina de elenco salva do navegador — elenco_2025.html
2024,2024/25,1464878,37,Kadir Barría,,Panamá,,16,Botafogo FR,-,pagina de elenco salva do navegador — elenco_2025.html
2025,2025/26,401535,12,Gabriel Batista,,Brasil,Itália,28,,€ 4.00 mi.,pagina de elenco salva do navegador — elenco_2026.html
2025,2025/26,477460,17,Warleson,,Brasil,Bélgica,29,,€ 2.00 mi.,pagina de elenco salva do navegador — elenco_2026.html
2025,2025/26,520093,1,Raul,,Brasil,,29,,€ 400 mil,pagina de elenco salva do navegador — elenco_2026.html
2025,2025/26,1074501,40,Cristhian Loor,,Equador,,20,,€ 350 mil,pagina de elenco salva do navegador — elenco_2026.html
2025,2025/26,466336,5,Nahuel Ferraresi,,Venezuela,Itália,27,,€ 4.50 mi.,pagina de elenco salva do navegador — elenco_2026.html
2025,2025/26,523363,31,Kaio,,Brasil,,30,,€ 1.80 mi.,pagina de elenco salva do navegador — elenco_2026.html
2025,2025/26,796973,33,Lucas Monzón,,Uruguai,Brasil,24,,€ 550 mil,pagina de elenco salva do navegador — elenco_2026.html
2025,2025/26,1127043,34,Gabriel Justino,,Brasil,,20,,€ 500 mil,pagina de elenco salva do navegador — elenco_2026.html
2025,2025/26,980854,3,Ythallo,,Brasil,,22,,€ 300 mil,pagina de elenco salva do navegador — elenco_2026.html
2025,2025/26,1092623,26,Anthony,,Brasil,,21,,€ 300 mil,pagina de elenco salva do navegador — elenco_2026.html
2025,2025/26,255755,13,Alex Telles,Esq.,Brasil,Itália,33,,€ 2.80 mi.,pagina de elenco salva do navegador — elenco_2026.html
2025,2025/26,520492,29,Paulinho,Esq.,Brasil,,31,,€ 400 mil,pagina de elenco salva do navegador — elenco_2026.html
2025,2025/26,137745,21,Marçal,Esq.,Brasil,,37,,€ 200 mil,pagina de elenco salva do navegador — elenco_2026.html
2025,2025/26,1112486,67,Jhoan Hernández,Esq.,Colômbia,,20,,€ 150 mil,pagina de elenco salva do navegador — elenco_2026.html
2025,2025/26,789856,27,Caio Roque,Esq.,Brasil,,24,,-,pagina de elenco salva do navegador — elenco_2026.html
2025,2025/26,468249,2,Vitinho,Dir.,Brasil,,27,,€ 9.00 mi.,pagina de elenco salva do navegador — elenco_2026.html
2025,2025/26,856047,4,Mateo Ponte,Dir.,Uruguai,,23,,€ 2.00 mi.,pagina de elenco salva do navegador — elenco_2026.html
2025,2025/26,666541,91,Domingos Andrade,,Angola,,23,,€ 1.50 mi.,pagina de elenco salva do navegador — elenco_2026.html
2025,2025/26,126422,25,Allan,,Brasil,Portugal,35,,€ 1.00 mi.,pagina de elenco salva do navegador — elenco_2026.html
2025,2025/26,1279908,55,Wallace Davi,,Brasil,,19,,€ 1.00 mi.,pagina de elenco salva do navegador — elenco_2026.html
2025,2025/26,1364573,75,Huguinho,,Brasil,,19,,€ 300 mil,pagina de elenco salva do navegador — elenco_2026.html
2025,2025/26,808509,8,Danilo,Central,Brasil,,25,,€ 32.00 mi.,pagina de elenco salva do navegador — elenco_2026.html
2025,2025/26,661133,6,Cristian Medina,Central,Argentina,,24,,€ 9.00 mi.,pagina de elenco salva do navegador — elenco_2026.html
2025,2025/26,169052,88,Edenilson,Central,Brasil,,36,,€ 250 mil,pagina de elenco salva do navegador — elenco_2026.html
2025,2025/26,465819,23,Santiago Rodríguez,Ofensivo,Uruguai,,26,,€ 6.00 mi.,pagina de elenco salva do navegador — elenco_2026.html
2025,2025/26,1087334,14,Jordan Barrera,Ofensivo,Colômbia,,20,,€ 2.50 mi.,pagina de elenco salva do navegador — elenco_2026.html
2025,2025/26,1228194,10,Álvaro Montoro,Esquerda,Argentina,Itália,19,,€ 10.00 mi.,pagina de elenco salva do navegador — elenco_2026.html
2025,2025/26,668228,11,Matheus Martins,Esquerda,Brasil,,23,,€ 6.00 mi.,pagina de elenco salva do navegador — elenco_2026.html
2025,2025/26,592347,7,Júnior Santos,Direita,Brasil,,31,,€ 3.00 mi.,pagina de elenco salva do navegador — elenco_2026.html
2025,2025/26,874844,77,Lucas Villalba,Direita,Uruguai,Itália,25,,€ 1.50 mi.,pagina de elenco salva do navegador — elenco_2026.html
2025,2025/26,227081,30,Joaquín Correa,Seg.,Argentina,Itália,31,,€ 1.50 mi.,pagina de elenco salva do navegador — elenco_2026.html
2025,2025/26,390638,19,Arthur Cabral,,Brasil,,28,,€ 9.00 mi.,pagina de elenco salva do navegador — elenco_2026.html
2025,2025/26,1464878,37,Kadir Barría,,Panamá,,19,,€ 2.00 mi.,pagina de elenco salva do navegador — elenco_2026.html
2025,2025/26,519731,-,Danilo,,Brasil,,27,,€ 1.50 mi.,pagina de elenco salva do navegador — elenco_2026.html
2025,2025/26,813044,-,Elias Manoel,,Brasil,,24,,€ 1.50 mi.,pagina de elenco salva do navegador — elenco_2026.html
