temporada,nome,nome_completo,nascimento,posicao,nacionalidade,no_clube_desde,selecao_com_eliminatorias,fonte,lacunas
2024,Gatito Fernandez,,1988-03-29,Goleiros,Paraguai,2016,Paraguai,"planilha mestre, aba '6. Elenco 2024' (Fogo na Rede)",sem nome completo
2024,John,,,Goleiros,Brasil,2024,Brasil,"planilha mestre, aba '6. Elenco 2024' (Fogo na Rede)",sem data de nascimento; sem nome completo; IDENTIDADE NAO CONFIRMADA
2024,Lucas Barreto,,,Goleiros,Brasil,2020,Brasil,"planilha mestre, aba '6. Elenco 2024' (Fogo na Rede)",sem data de nascimento; sem nome completo; IDENTIDADE NAO CONFIRMADA
2024,Raul,,,Goleiros,Brasil,2024,Brasil,"planilha mestre, aba '6. Elenco 2024' (Fogo na Rede)",sem data de nascimento; sem nome completo; IDENTIDADE NAO CONFIRMADA
2024,Alexander Barboza,,1995-05-16,Zagueiros,Argentina,2024,Argentina,"planilha mestre, aba '6. Elenco 2024' (Fogo na Rede)",sem nome completo
2024,Bastos,,1991-11-23,Zagueiros,Angola,2023,Angola,"planilha mestre, aba '6. Elenco 2024' (Fogo na Rede)",sem nome completo
2024,Lucas Halter,,,Zagueiros,Brasil,2024,Brasil,"planilha mestre, aba '6. Elenco 2024' (Fogo na Rede)",sem data de nascimento; sem nome completo; IDENTIDADE NAO CONFIRMADA
2024,Luis Segovia,,1997-10-26,Zagueiros,Equador,2023,Equador,"planilha mestre, aba '6. Elenco 2024' (Fogo na Rede)",sem nome completo
2024,Pablo,,,Zagueiros,Brasil,2024,Brasil,"planilha mestre, aba '6. Elenco 2024' (Fogo na Rede)",sem data de nascimento; sem nome completo; IDENTIDADE NAO CONFIRMADA
2024,Jefferson Maciel,,,Zagueiros,Brasil,2023,Brasil,"planilha mestre, aba '6. Elenco 2024' (Fogo na Rede)",sem data de nascimento; sem nome completo; IDENTIDADE NAO CONFIRMADA
2024,Damian Suarez,,1988-04-27,Laterais,Uruguai,2024,Uruguai,"planilha mestre, aba '6. Elenco 2024' (Fogo na Rede)",sem nome completo
2024,Cuiabano,,,Laterais,Brasil,2024,Brasil,"planilha mestre, aba '6. Elenco 2024' (Fogo na Rede)",sem data de nascimento; sem nome completo; IDENTIDADE NAO CONFIRMADA
2024,Hugo,,,Laterais,Brasil,2019,Brasil,"planilha mestre, aba '6. Elenco 2024' (Fogo na Rede)",sem data de nascimento; sem nome completo; IDENTIDADE NAO CONFIRMADA
2024,Mateo Ponte,,2003-05-24,Laterais,Uruguai,2023,Uruguai,"planilha mestre, aba '6. Elenco 2024' (Fogo na Rede)",sem nome completo
2024,Marcal,,,Laterais,Brasil,2022,Brasil,"planilha mestre, aba '6. Elenco 2024' (Fogo na Rede)",sem data de nascimento; sem nome completo; IDENTIDADE NAO CONFIRMADA
2024,Rafael,,,Laterais,Brasil,2022,Brasil,"planilha mestre, aba '6. Elenco 2024' (Fogo na Rede)",sem data de nascimento; sem nome completo; IDENTIDADE NAO CONFIRMADA
2024,Danilo Barbosa,,,Volantes,Brasil,2022,Brasil,"planilha mestre, aba '6. Elenco 2024' (Fogo na Rede)",sem data de nascimento; sem nome completo; IDENTIDADE NAO CONFIRMADA
2024,Gregore,,,Volantes,Brasil,2024,Brasil,"planilha mestre, aba '6. Elenco 2024' (Fogo na Rede)",sem data de nascimento; sem nome completo; IDENTIDADE NAO CONFIRMADA
2024,Marlon Freitas,,,Volantes,Brasil,2023,Brasil,"planilha mestre, aba '6. Elenco 2024' (Fogo na Rede)",sem data de nascimento; sem nome completo; IDENTIDADE NAO CONFIRMADA
2024,Patrick de Paula,,,Volantes,Brasil,2022,Brasil,"planilha mestre, aba '6. Elenco 2024' (Fogo na Rede)",sem data de nascimento; sem nome completo; IDENTIDADE NAO CONFIRMADA
2024,Tche Tche,,,Volantes,Brasil,2022,Brasil,"planilha mestre, aba '6. Elenco 2024' (Fogo na Rede)",sem data de nascimento; sem nome completo; IDENTIDADE NAO CONFIRMADA
2024,Allan,,,Volantes,Brasil,2024,Brasil,"planilha mestre, aba '6. Elenco 2024' (Fogo na Rede)",sem data de nascimento; sem nome completo; IDENTIDADE NAO CONFIRMADA
2024,Diego Hernandez,,2000-06-22,Meias,Uruguai,2023,Uruguai,"planilha mestre, aba '6. Elenco 2024' (Fogo na Rede)",sem nome completo
2024,Eduardo,,,Meias,Brasil,2022,Brasil,"planilha mestre, aba '6. Elenco 2024' (Fogo na Rede)",sem data de nascimento; sem nome completo; IDENTIDADE NAO CONFIRMADA
2024,Mohamed El Arouch,,,Meias,Franca/Marrocos,2024,Marrocos,"planilha mestre, aba '6. Elenco 2024' (Fogo na Rede)",sem data de nascimento; sem nome completo; IDENTIDADE NAO CONFIRMADA
2024,Oscar Romero,,1997-07-04,Meias,Paraguai,2024,Paraguai,"planilha mestre, aba '6. Elenco 2024' (Fogo na Rede)",sem nome completo
2024,Thiago Almada,,1997-04-26,Meias,Argentina,2024,Argentina,"planilha mestre, aba '6. Elenco 2024' (Fogo na Rede)",sem nome completo
2024,Luiz Henrique,,2001-01-02,Atacantes,Brasil,2024,Brasil,"planilha mestre, aba '6. Elenco 2024' (Fogo na Rede)",sem nome completo
2024,Junior Santos,,,Atacantes,Brasil,2023,Brasil,"planilha mestre, aba '6. Elenco 2024' (Fogo na Rede)",sem data de nascimento; sem nome completo; IDENTIDADE NAO CONFIRMADA
2024,Jeffinho,,,Atacantes,Brasil,2024,Brasil,"planilha mestre, aba '6. Elenco 2024' (Fogo na Rede)",sem data de nascimento; sem nome completo; IDENTIDADE NAO CONFIRMADA
2024,Matheus Nascimento,,,Atacantes,Brasil,2013,Brasil,"planilha mestre, aba '6. Elenco 2024' (Fogo na Rede)",sem data de nascimento; sem nome completo; IDENTIDADE NAO CONFIRMADA
2024,Savarino,,1996-11-11,Atacantes,Venezuela,2024,Venezuela,"planilha mestre, aba '6. Elenco 2024' (Fogo na Rede)",sem nome completo
2024,Tiquinho Soares,,,Atacantes,Brasil,2022,Brasil,"planilha mestre, aba '6. Elenco 2024' (Fogo na Rede)",sem data de nascimento; sem nome completo; IDENTIDADE NAO CONFIRMADA
2024,Yarlen,,,Atacantes,Brasil,2017,Brasil,"planilha mestre, aba '6. Elenco 2024' (Fogo na Rede)",sem data de nascimento; sem nome completo; IDENTIDADE NAO CONFIRMADA
2024,Fabiano,,,Atacantes,Brasil,2024,Brasil,"planilha mestre, aba '6. Elenco 2024' (Fogo na Rede)",sem data de nascimento; sem nome completo; IDENTIDADE NAO CONFIRMADA
2024,Igor Jesus,,2001-01-01,Atacantes,Brasil,2024,Brasil,"planilha mestre, aba '6. Elenco 2024' (Fogo na Rede)",sem nome completo
2024,Carlos Alberto,,,Atacantes,Brasil,2023,Brasil,"planilha mestre, aba '6. Elenco 2024' (Fogo na Rede)",sem data de nascimento; sem nome completo; IDENTIDADE NAO CONFIRMADA
2024,Matheus Martins,,,Atacantes,Brasil,2024,Brasil,"planilha mestre, aba '6. Elenco 2024' (Fogo na Rede)",sem data de nascimento; sem nome completo; IDENTIDADE NAO CONFIRMADA
2025,John,,,Goleiros,Brasil,2024,Brasil,"planilha mestre, aba '7. Elenco 2025' (Fogo na Rede)",sem data de nascimento; sem nome completo; IDENTIDADE NAO CONFIRMADA
2025,Leo Linck,,,Goleiros,Brasil,2025,Brasil,"planilha mestre, aba '7. Elenco 2025' (Fogo na Rede)",sem data de nascimento; sem nome completo; IDENTIDADE NAO CONFIRMADA
2025,Cristiano,,,Goleiros,Brasil,2022,Brasil,"planilha mestre, aba '7. Elenco 2025' (Fogo na Rede)",sem data de nascimento; sem nome completo; IDENTIDADE NAO CONFIRMADA
2025,Raul,,,Goleiros,Brasil,2024,Brasil,"planilha mestre, aba '7. Elenco 2025' (Fogo na Rede)",sem data de nascimento; sem nome completo; IDENTIDADE NAO CONFIRMADA
2025,Cristhian Loor,,2006-03-09,Goleiros,Equador,2025,Equador,"planilha mestre, aba '7. Elenco 2025' (Fogo na Rede)",sem nome completo
2025,Neto,,,Goleiros,Brasil,2025,Brasil,"planilha mestre, aba '7. Elenco 2025' (Fogo na Rede)",sem data de nascimento; sem nome completo; IDENTIDADE NAO CONFIRMADA
2025,Alexander Barboza,,1995-05-16,Zagueiros,Argentina,2024,Argentina,"planilha mestre, aba '7. Elenco 2025' (Fogo na Rede)",sem nome completo
2025,Bastos,,1991-11-23,Zagueiros,Angola,2023,Angola,"planilha mestre, aba '7. Elenco 2025' (Fogo na Rede)",sem nome completo
2025,Serafim,,,Zagueiros,Brasil,2023,Brasil,"planilha mestre, aba '7. Elenco 2025' (Fogo na Rede)",sem data de nascimento; sem nome completo; IDENTIDADE NAO CONFIRMADA
2025,Jair Cunha,,,Zagueiros,Brasil,2025,Brasil,"planilha mestre, aba '7. Elenco 2025' (Fogo na Rede)",sem data de nascimento; sem nome completo; IDENTIDADE NAO CONFIRMADA
2025,David Ricardo,,,Zagueiros,Brasil,2025,Brasil,"planilha mestre, aba '7. Elenco 2025' (Fogo na Rede)",sem data de nascimento; sem nome completo; IDENTIDADE NAO CONFIRMADA
2025,Kaio Pantaleao,,,Zagueiros,Brasil,2025,Brasil,"planilha mestre, aba '7. Elenco 2025' (Fogo na Rede)",sem data de nascimento; sem nome completo; IDENTIDADE NAO CONFIRMADA
2025,Gabriel Silva,,,Zagueiros,Brasil,2025,Brasil,"planilha mestre, aba '7. Elenco 2025' (Fogo na Rede)",sem data de nascimento; sem nome completo; IDENTIDADE NAO CONFIRMADA
2025,Vitinho,Victor Alexander da Silva,1999-07-23,Laterais,Brasil,2024,Brasil,"planilha mestre, aba '7. Elenco 2025' (Fogo na Rede)",sem nome completo
2025,Cuiabano,,,Laterais,Brasil,2024,Brasil,"planilha mestre, aba '7. Elenco 2025' (Fogo na Rede)",sem data de nascimento; sem nome completo; IDENTIDADE NAO CONFIRMADA
2025,Alex Telles,,1992-12-15,Laterais,Brasil,2024,Brasil,"planilha mestre, aba '7. Elenco 2025' (Fogo na Rede)",sem nome completo
2025,Mateo Ponte,,2003-05-24,Laterais,Uruguai,2023,Uruguai,"planilha mestre, aba '7. Elenco 2025' (Fogo na Rede)",sem nome completo
2025,Marcal,,,Laterais,Brasil,2022,Brasil,"planilha mestre, aba '7. Elenco 2025' (Fogo na Rede)",sem data de nascimento; sem nome completo; IDENTIDADE NAO CONFIRMADA
2025,Danilo Barbosa,,,Volantes,Brasil,2022,Brasil,"planilha mestre, aba '7. Elenco 2025' (Fogo na Rede)",sem data de nascimento; sem nome completo; IDENTIDADE NAO CONFIRMADA
2025,Gregore,,,Volantes,Brasil,2024,Brasil,"planilha mestre, aba '7. Elenco 2025' (Fogo na Rede)",sem data de nascimento; sem nome completo; IDENTIDADE NAO CONFIRMADA
2025,Marlon Freitas,,,Volantes,Brasil,2023,Brasil,"planilha mestre, aba '7. Elenco 2025' (Fogo na Rede)",sem data de nascimento; sem nome completo; IDENTIDADE NAO CONFIRMADA
2025,Patrick de Paula,,,Volantes,Brasil,2022,Brasil,"planilha mestre, aba '7. Elenco 2025' (Fogo na Rede)",sem data de nascimento; sem nome completo; IDENTIDADE NAO CONFIRMADA
2025,Kaue,,,Volantes,Brasil,2016,Brasil,"planilha mestre, aba '7. Elenco 2025' (Fogo na Rede)",sem data de nascimento; sem nome completo; IDENTIDADE NAO CONFIRMADA
2025,Allan,,,Volantes,Brasil,2024,Brasil,"planilha mestre, aba '7. Elenco 2025' (Fogo na Rede)",sem data de nascimento; sem nome completo; IDENTIDADE NAO CONFIRMADA
2025,Newton,,,Volantes,Brasil,2022,Brasil,"planilha mestre, aba '7. Elenco 2025' (Fogo na Rede)",sem data de nascimento; sem nome completo; IDENTIDADE NAO CONFIRMADA
2025,Danilo,Danilo Santos,2001-04-29,Volantes,Brasil,2025,Brasil,"planilha mestre, aba '7. Elenco 2025' (Fogo na Rede)",sem nome completo
2025,Kauan Lindes,,,Meias,Brasil,2024,Brasil,"planilha mestre, aba '7. Elenco 2025' (Fogo na Rede)",sem data de nascimento; sem nome completo; IDENTIDADE NAO CONFIRMADA
2025,Santi Rodriguez,,2000-01-08,Meias,Uruguai,2025,Uruguai,"planilha mestre, aba '7. Elenco 2025' (Fogo na Rede)",sem nome completo
2025,Alvaro Montoro,,2007-04-17,Meias,Argentina,2025,Argentina,"planilha mestre, aba '7. Elenco 2025' (Fogo na Rede)",sem nome completo
2025,Huguinho,,,Meias,Brasil,2022,Brasil,"planilha mestre, aba '7. Elenco 2025' (Fogo na Rede)",sem data de nascimento; sem nome completo; IDENTIDADE NAO CONFIRMADA
2025,Jordan Barrera,,2006-04-11,Meias,Colombia,2025,Colombia,"planilha mestre, aba '7. Elenco 2025' (Fogo na Rede)",sem nome completo
2025,Nathan Fernandes,,,Atacantes,Brasil,2025,Brasil,"planilha mestre, aba '7. Elenco 2025' (Fogo na Rede)",sem data de nascimento; sem nome completo; IDENTIDADE NAO CONFIRMADA
2025,Rwan Cruz,,,Atacantes,Brasil,2025,Brasil,"planilha mestre, aba '7. Elenco 2025' (Fogo na Rede)",sem data de nascimento; sem nome completo; IDENTIDADE NAO CONFIRMADA
2025,Jeffinho,,,Atacantes,Brasil,2024,Brasil,"planilha mestre, aba '7. Elenco 2025' (Fogo na Rede)",sem data de nascimento; sem nome completo; IDENTIDADE NAO CONFIRMADA
2025,Kayke,,,Atacantes,Brasil,2022,Brasil,"planilha mestre, aba '7. Elenco 2025' (Fogo na Rede)",sem data de nascimento; sem nome completo; IDENTIDADE NAO CONFIRMADA
2025,Savarino,,1996-11-11,Atacantes,Venezuela,2024,Venezuela,"planilha mestre, aba '7. Elenco 2025' (Fogo na Rede)",sem nome completo
2025,Rafael Lobato,,,Atacantes,Brasil,2022,Brasil,"planilha mestre, aba '7. Elenco 2025' (Fogo na Rede)",sem data de nascimento; sem nome completo; IDENTIDADE NAO CONFIRMADA
2025,Yarlen,,,Atacantes,Brasil,2017,Brasil,"planilha mestre, aba '7. Elenco 2025' (Fogo na Rede)",sem data de nascimento; sem nome completo; IDENTIDADE NAO CONFIRMADA
2025,Elias Manoel,,,Atacantes,Brasil,2025,Brasil,"planilha mestre, aba '7. Elenco 2025' (Fogo na Rede)",sem data de nascimento; sem nome completo; IDENTIDADE NAO CONFIRMADA
2025,Igor Jesus,,2001-01-01,Atacantes,Brasil,2024,Brasil,"planilha mestre, aba '7. Elenco 2025' (Fogo na Rede)",sem nome completo
2025,Mastriani,,1993-04-28,Atacantes,Uruguai,2025,Uruguai,"planilha mestre, aba '7. Elenco 2025' (Fogo na Rede)",sem nome completo
2025,Matheus Martins,,,Atacantes,Brasil,2024,Brasil,"planilha mestre, aba '7. Elenco 2025' (Fogo na Rede)",sem data de nascimento; sem nome completo; IDENTIDADE NAO CONFIRMADA
2025,Artur,,,Atacantes,Brasil,2025,Brasil,"planilha mestre, aba '7. Elenco 2025' (Fogo na Rede)",sem data de nascimento; sem nome completo; IDENTIDADE NAO CONFIRMADA
2025,Arthur Cabral,,,Atacantes,Brasil,2025,Brasil,"planilha mestre, aba '7. Elenco 2025' (Fogo na Rede)",sem data de nascimento; sem nome completo; IDENTIDADE NAO CONFIRMADA
2025,Joaquin Correa,,1994-08-13,Atacantes,Argentina,2025,Argentina,"planilha mestre, aba '7. Elenco 2025' (Fogo na Rede)",sem nome completo
2025,Chris Ramos,,1997-01-08,Atacantes,Espanha,2025,Espanha,"planilha mestre, aba '7. Elenco 2025' (Fogo na Rede)",sem nome completo
